Record	val
By	0
"Abdominal Aortic Aneurysm
"	1
in	0
"Acanthamoeba Infection
"	1
no	0
"ACE
"	1
ecstatic	0
"Acinetobacter Infection
"	1
wondered	0
"Acquired Immune Deficiency Syndrome 
"	1
disposal	0
"Acquired Immunodeficiency Syndrome 
"	1
my	0
"Adenovirus Infection
"	1
speaking.	0
"Adenovirus Vaccination
"	1
Direct	0
"ADHD 
"	1
wholly	0
"Adult Vaccinations
"	1
valley	0
"Adverse Childhood Experiences
"	1
or	0
"AFib, AF
"	1
uneasy	0
"African Trypanosomiasis
"	1
it	0
"Agricultural Safety
"	1
at	0
"AHF
"	1
really.	0
"AIDS
"	1
Sir	0
"AIDS
"	1
wish	0
"Alkhurma hemorrhagic fever
"	1
like	0
"ALS
"	1
said	0
"Alzheimer's Disease
"	1
dull	0
"Amebiasis, Intestinal
"	1
and	0
"American Indian and Alaska Native Vaccination
"	1
need	0
"American Trypanosomiasis
"	1
make.	0
"Amphibians and Fish, Infections from
"	1
Sportsman	0
"Amyotrophic Lateral Sclerosis
"	1
one	0
"Anaplasmosis, Human
"	1
bed	0
"Ancylostoma duodenale Infection, Necator americanus Infection
"	1
departure	0
"Angiostrongylus Infection
"	1
rapturous	0
"Animal-Related Diseases
"	1
situation	0
"Anisakiasis
"	1
disposing	0
"Anisakis Infection
"	1
his.	0
"Anthrax Vaccination
"	1
Off	0
"Anthrax
"	1
say	0
"Antibiotic and Antimicrobial Resistance
"	1
yet	0
"Antibiotic Use, Appropriate
"	1
ample	0
"Aortic Aneurysm
"	1
ten	0
"Aortic Dissection
"	1
ought	0
"Arenavirus Infection
"	1
hence.	0
"Arthritis
"	1
Depending	0
"Childhood Arthritis
"	1
in	0
"Fibromyalgia
"	1
newspaper	0
"Gout
"	1
an	0
"Osteoarthritis
"	1
september	0
"Rheumatoid Arthritis
"	1
do	0
"Ascariasis
"	1
existence	0
"Ascaris Infection
"	1
strangers.	0
"Aseptic Meningitis
"	1
Total	0
"Aspergillosis
"	1
great	0
"Aspergillus Infection
"	1
saw	0
"Asthma
"	1
water	0
"Atrial fibrillation
"	1
had	0
"Attention Deficit/Hyperactivity Disorder
"	1
mirth	0
"Autism
"	1
happy	0
"Avian Influenza
"	1
new.	0
"B. cepacia infection
"	1
Projecting	0
"Babesia Infection
"	1
pianoforte	0
"Babesiosis
"	1
no	0
"Bacillus anthracis Infection
"	1
of	0
"Back Belts
"	1
partiality	0
"Bacterial Meningitis
"	1
is	0
"Bacterial Vaginosis
"	1
on.	0
"Balamuthia Infection
"	1
Nay	0
"Balamuthia mandrillaris Infection
"	1
besides	0
"Balantidiasis
"	1
joy	0
"Balantidium Infection
"	1
society	0
"Bartonella bacilliformis Infection
"	1
him	0
"Bartonella quintana Infection
"	1
totally	0
"Baylisascaris Infection
"	1
six.	0
"BCG
"	1
"

Now"	0
"Bilharzia
"	1
principles	0
"Bioterrorism Agents/Diseases
"	1
discovered	0
"Bird Flu
"	1
off	0
"Birth Defects
"	1
increasing	0
"Black Lung
"	1
how	0
"Blastocystis hominis Infection
"	1
reasonably	0
"Blastocystis Infection
"	1
middletons	0
"blood clot
"	1
men.	0
"Blood Disorders
"	1
Add	0
"Body Lice
"	1
seems	0
"Borrelia burgdorferi Infection
"	1
out	0
"Borreliosis, Louse-borne
"	1
man	0
"Borreliosis, Tick-borne
"	1
met	0
"Botulism
"	1
plate	0
"Bovine Spongiform Encephalopathy
"	1
court	0
"Brainerd Diarrhea
"	1
sense.	0
"Breast and Ovarian Cancer and Family Health History
"	1
His	0
"Breast Cancer
"	1
joy	0
"Breastfeeding
"	1
she	0
"Bronchiolitis
"	1
worth	0
"Bronchitis
"	1
truth	0
"Brucella Infection
"	1
given.	0
"Brucellosis
"	1
All	0
"BSE
"	1
year	0
"BSE
"	1
feet	0
"Burkholderia cepacia Infection
"	1
led	0
"Burkholderia mallei
"	1
view	0
"Burkholderia pseudomallei Infection
"	1
went	0
"BV
"	1
sake.	0
"B virus Infection
"	1
You	0
"C. diff. Infection
"	1
agreeable	0
"C. gattii cryptococcosis
"	1
breakfast	0
"C. neoformans cryptococcosis
"	1
his	0
"Campy
"	1
set	0
"Campylobacter Infection
"	1
perceived	0
"Campylobacteriosis
"	1
immediate.	0
"Cancer
"	1
Stimulated	0
"Colorectal
"	1
man	0
"Gynecologic Cancers
"	1
are	0
"Lung Cancer
"	1
projecting	0
"Prostate Cancer
"	1
favourable	0
"Skin Cancer
"	1
middletons	0
"Cancer and Flu
"	1
can	0
"Cancer Health Disparities
"	1
cultivated.	0
"Candida Infection
"	1
"

In"	0
"Genital Candidiasis
"	1
post	0
"Invasive Candidiasis
"	1
mean	0
"Thrush
"	1
shot	0
"Candidiasis
"	1
ye.	0
"Canine Flu
"	1
There	0
"Capillaria Infection
"	1
out	0
"Capillariasis
"	1
her	0
"Carbapenem-resistant Enterobacteriaceae
"	1
child	0
"Carbapenem resistant Klebsiella pneumonia
"	1
sir	0
"Cardiovascular Health
"	1
his	0
"Carpal Tunnel Syndrome
"	1
lived.	0
"Carrió
"	1
Design	0
"Cat Flea Tapeworm
"	1
at	0
"Cats, Infections from
"	1
uneasy	0
"Cat Scratch Disease from Pets
"	1
me	0
"CCHF
"	1
season	0
"CDI
"	1
of	0
"Cercarial Dermatitis
"	1
branch	0
"Cerebral Palsy
"	1
on	0
"Cervical Cancer
"	1
praise	0
"Chagas Disease
"	1
esteem.	0
"Chapare Hemorrhagic Fever
"	1
Abilities	0
"Chest Cold
"	1
discourse	0
"CHHF
"	1
believing	0
"Chickenpox Vaccination
"	1
consisted	0
"Chickenpox
"	1
remaining	0
"Chikungunya Fever
"	1
to	0
"CHIKV
"	1
no.	0
"Childhood Arthritis
"	1
Mistaken	0
"Childhood Injuries
"	1
no	0
"Childhood Overweight and Obesity
"	1
me	0
"Children's Cough and Cold Medicines
"	1
denoting	0
"Chlamydia pneumoniae Infection
"	1
dashwood	0
"Chlamydia psittaci Infection
"	1
as	0
"Chlamydia trachomatis Disease
"	1
screened.	0
"Chlamydia
"	1
Whence	0
"Cholera
"	1
or	0
"Chronic Disease Indicators
"	1
esteem	0
"Chronic Disease Prevention
"	1
easily	0
"Chronic Fatigue Syndrome
"	1
he	0
"Chronic Kidney Disease
"	1
on.	0
"Chronic Obstructive Pulmonary Disease
"	1
Dissuade	0
"Chronic Traumatic Encephalopathy
"	1
husbands	0
"Chronic Wasting Disease
"	1
at	0
"Ciguatera Fish Poisoning
"	1
of	0
"Ciguatoxin
"	1
no	0
"CJD, Classic
"	1
if	0
"CKD
"	1
disposal.	0
"CKD
"	1
"

Both"	0
"Classic Creutzfeldt-Jakob Disease
"	1
rest	0
"Clonorchiasis
"	1
of	0
"Clonorchis Infection
"	1
know	0
"Clostridium botulinum Infection
"	1
draw	0
"Clostridium difficile Infection
"	1
fond	0
"Clostridium perfringens infection
"	1
post	0
"Clostridium tetani Infection
"	1
as.	0
"Clotting Disorders
"	1
It	0
"CMV
"	1
agreement	0
"Coal Workers' Pneumoconioses
"	1
defective	0
"Coccidioidomycosis
"	1
to	0
"Cold, Common
"	1
excellent.	0
"Colorado Tick Fever
"	1
Feebly	0
"Colorectal
"	1
do	0
"Colorectal Cancer Control Program
"	1
engage	0
"Colorectal Cancer and Genetics
"	1
of	0
"Common Cold
"	1
narrow.	0
"Concussion
"	1
Extensive	0
"Congenital Hearing Loss
"	1
repulsive	0
"Congenital Heart Defects
"	1
belonging	0
"Screening for Critical Congenital Heart Defects
"	1
depending	0
"Conjunctivitis
"	1
if	0
"Cooley's Anemia
"	1
promotion	0
"COPD
"	1
be	0
"Corynebacterium diphtheriae Infection
"	1
zealously	0
"Corynebacterium diphtheria Infection
"	1
as.	0
"Cough and Cold Medicines
"	1
Preference	0
"Coxiella burnetii Infection
"	1
inquietude	0
"CRE
"	1
ask	0
"Creutzfeldt-Jakob Disease, Classic
"	1
now	0
"Crimean-Congo hemorrhagic fever
"	1
are	0
"CRKP
"	1
dispatched	0
"Croh
"	1
led	0
"Cronobacter Infection
"	1
appearance.	0
"Cryptococcosis, C. gattii.
"	1
Small	0
"Cryptococcosis, C. neoformans
"	1
meant	0
"Cryptosporidiosis
"	1
in	0
"Cryptosporidium Infection
"	1
so	0
"CTE
"	1
doubt	0
"CTF
"	1
hopes.	0
"CWD
"	1
Me	0
"cyanobacterial algal bloom-associated illness
"	1
smallness	0
"Cyclospora Infection
"	1
is	0
"Cyclosporiasis
"	1
existence	0
"Cysticercosis
"	1
attending	0
"Cystoisospora Infection
"	1
he	0
"Cystoisosporiasis
"	1
enjoyment	0
"Cytomegalovirus Infection
"	1
favourite	0
"Death, Leading Causes of Death in Males
"	1
affection.	0
"Deep Vein Thrombosis
"	1
Delivered	0
"Dengue Fever
"	1
is	0
"Dengue Hemorrhagic Fever
"	1
to	0
"Dermatophyte Infection
"	1
ye	0
"Developmental Disabilities
"	1
belonging	0
"DF
"	1
enjoyment	0
"DHF
"	1
preferred.	0
"Diabetes
"	1
Astonished	0
"Dientamoeba fragilis Infection
"	1
and	0
"Diet and Nutrition
"	1
acceptance	0
"Diphtheria Vaccination
"	1
men	0
"Diphtheria
"	1
two	0
"Diphyllobothriasis
"	1
discretion.	0
"Diphyllobothrium Infection
"	1
Law	0
"Dipylidium Infection
"	1
education	0
"Dirofilariasis
"	1
recommend	0
"Division of Public Health Systems and Workforce Development
"	1
did	0
"Division of Public Health Systems and Workforce Development
"	1
objection	0
"Dog Bites
"	1
how	0
"Dog Flea Tapeworm
"	1
old.	0
"Dog Heartworm
"	1
"

Spoke"	0
"Dogs, Infections from
"	1
as	0
"Down Syndrome
"	1
as	0
"DPHSWD
"	1
other	0
"Dracunculiasis
"	1
again	0
"Drug Resistance
"	1
ye.	0
"DVT
"	1
Hard	0
"Dwarf Tapeworm
"	1
on	0
"E. coli Infection
"	1
to	0
"Ear Infection
"	1
roof	0
"Early Hearing Detection and Intervention
"	1
he	0
"Eastern Equine Encephalitis
"	1
drew.	0
"Ebola Virus Disease
"	1
So	0
"EBV Infection
"	1
sell	0
"Echinococcosis
"	1
side	0
"EEE
"	1
ye	0
"EHDI
"	1
in	0
"Ehrlichiosis, Human
"	1
mr	0
"Elephantiasis
"	1
evil.	0
"Elizabethkingia Infection
"	1
Longer	0
"Emerging Infectious Diseases
"	1
waited	0
"Endophthalmitis, Fungal
"	1
mr	0
"Entamoeba histolytica infection
"	1
of	0
"Enteric Diseases from Animals
"	1
nature	0
"Enterobius vermicularis Infection
"	1
seemed.	0
"Enterovirus D68
"	1
Improving	0
"Enterovirus Infections
"	1
knowledge	0
"Epidemic Typhus
"	1
incommode	0
"Epilepsy
"	1
objection	0
"Epstein-Barr Virus Infection
"	1
me	0
"Ergonomic and Musculoskeletal Disorders
"	1
ye	0
"Escherichia coli Infection
"	1
is	0
"Esophageal Candidiasis
"	1
prevailed	0
"EV-D68
"	1
principle	0
"EVD
"	1
in.	0
"Exserohilum rostratum
"	1
Impossible	0
"Extensively Drug-Resistant TB
"	1
alteration	0
"Extreme Cold
"	1
devonshire	0
"Extreme Heat
"	1
to	0
"Falls, Older Adults
"	1
is	0
"Falls from Elevation
"	1
interested	0
"Family Health
"	1
stimulated	0
"Family Health History
"	1
dissimilar.	0
"Family Health History and Breast and Ovarian Cancer
"	1
To	0
"Farm Animals, Infections from
"	1
matter	0
"Farm Worker Injuries
"	1
esteem	0
"Fasciitis, Necrotizing
"	1
polite	0
"Fasciola Infection
"	1
do	0
"Fascioliasis
"	1
if.	0
"Fasciolopsiasis
"	1
"

Not"	0
"Fasciolopsis Infection
"	1
him	0
"Fetal Alcohol Spectrum Disorders
"	1
old	0
"FETP
"	1
music	0
"FETP
"	1
think	0
"Fibromyalgia
"	1
his	0
"Field Epidemiology Training Program
"	1
found	0
"Fifth Disease
"	1
enjoy	0
"Filariasis, Lymphatic
"	1
merry.	0
"Fish and Amphibians, Infections from
"	1
Listening	0
"Flavorings-Related Lung Disease
"	1
acuteness	0
"Flu
"	1
dependent	0
"Flu, Pandemic
"	1
at	0
"Flu, Seasonal
"	1
or	0
"Flu and Cancer
"	1
an.	0
"Flu Vaccination
"	1
Apartments	0
"Folliculitis
"	1
thoroughly	0
"Food-Related Diseases
"	1
unsatiable	0
"Clostridium perfringens infection
"	1
terminated	0
"Shigella Infection
"	1
sex	0
"Foodborne Illness
"	1
how	0
"Food Poisoning
"	1
themselves.	0
"Fragile X Syndrome
"	1
She	0
"Francisella tularensis Infection
"	1
are	0
"Fungal diseases
"	1
ten	0
"Aspergillus Infection
"	1
hours	0
"Blastomycosis
"	1
wrong	0
"Blastomycosis
"	1
walls	0
"C. gattii cryptococcosis
"	1
stand	0
"C. neoformans cryptococcosis
"	1
early.	0
"Candida Infection
"	1
Domestic	0
"Fungal Eye Infections
"	1
perceive	0
"Histoplasma capsulatum Infection
"	1
on	0
"Histoplasmosis
"	1
an	0
"Mucormycosis
"	1
ladyship	0
"Pneumocystis pneumonia
"	1
extended	0
"Ringworm
"	1
received	0
"Sporotrichosis
"	1
do.	0
"Sporotrichosis
"	1
Why	0
"Valley Fever
"	1
jennings	0
"Fungal Eye Infections
"	1
our	0
"Fungal Meningitis
"	1
whatever	0
"Fungal Pneumonia
"	1
his	0
"FXS
"	1
learning	0
"GAE
"	1
gay	0
"GAE
"	1
perceive.	0
"GAS
"	1
Is	0
"Gastrointestinal Diseases from Animals
"	1
against	0
"GBS
"	1
no	0
"GDDER
"	1
he	0
"Genetics and Colorectal Cancer
"	1
without	0
"Genetics and Heart Disease
"	1
subject.	0
"Genetics and Mental Health
"	1
Bed	0
"Genetics and Obesity
"	1
connection	0
"Genetics and Skin Cancer
"	1
unreserved	0
"Genetics and Stroke
"	1
preference	0
"Genital Candidiasis
"	1
partiality	0
"Genital Herpes
"	1
not	0
"Genital Warts
"	1
unaffected.	0
"German Measles
"	1
Years	0
"Giardia Infection
"	1
merit	0
"Giardiasis
"	1
trees	0
"Glanders
"	1
so	0
"Global Disease Detection and Emergency Response
"	1
think	0
"Global Health Security
"	1
in	0
"Global Measles Elimination
"	1
hoped	0
"Gnathostoma Infection
"	1
we	0
"Gnathostomiasis
"	1
as.	0
"Gonorrhea
"	1
"

Terminated"	0
"Gout
"	1
principles	0
"Granulomatous Amebic Encephalitis
"	1
sentiments	0
"Granulomatous amebic encephalitis
"	1
of	0
"Group A Strep Infection
"	1
no	0
"Group A Streptococcal Infection
"	1
pianoforte	0
"Group B Strep Infection
"	1
if	0
"Group B Streptococcal Infection
"	1
projection	0
"Guillain-Barré Syndrome
"	1
impossible.	0
"Guinea Worm Disease
"	1
Horses	0
"Gynecologic Cancers
"	1
pulled	0
"Cervical Cancer
"	1
nature	0
"Ovarian Cancer
"	1
favour	0
"Uterine Cancer
"	1
number	0
"Vaginal and Vulvar Cancers
"	1
yet	0
"H3N2v influenza
"	1
highly	0
"H5N1
"	1
his	0
"HAB
"	1
has	0
"Haemophilus influenzae Serotype b
"	1
old.	0
"Hand, Foot, and Mouth Disease
"	1
Contrasted	0
"Hansen's Disease
"	1
literature	0
"Hantavirus Pulmonary Syndrome
"	1
excellence	0
"Harmful Algal Bloom
"	1
he	0
"Hazardous Drug Exposures in Healthcare
"	1
admiration	0
"Head Lice
"	1
impression	0
"Healthcare Associated Infections
"	1
insipidity	0
"surgical site infection
"	1
so.	0
"Surgical Site Infection
"	1
Scale	0
"Health Disparities in Cancer
"	1
ought	0
"Health Disparities in HIV/AIDS, Viral Hepatitis, STDs, and TB
"	1
who	0
"Health Security
"	1
terms	0
"Healthy Pets, Healthy People
"	1
after	0
"Healthy Weight
"	1
own	0
"Hearing, Early Detection & Intervention
"	1
quick	0
"Hearing impairment
"	1
since.	0
"Hearing loss, environmental
"	1
Servants	0
"Hearing Loss in Children
"	1
margaret	0
"Heart Disease and Genetics
"	1
husbands	0
"Heart Disease
"	1
to	0
"Heartland Virus Infection
"	1
screened	0
"Heat Stress
"	1
in	0
"Hemoglobinopathies
"	1
throwing.	0
"Hemophilia
"	1
Imprudence	0
"Hemophilia Treatment Centers
"	1
oh	0
"Hemorrhagic Fevers, Viral
"	1
an	0
"Hendra Virus Disease
"	1
collecting	0
"Hepatitis, Viral
"	1
partiality.	0
"Hepatitis A Vaccination
"	1
Admiration	0
"Hepatitis B Vaccination
"	1
gay	0
"Hereditary Bleeding Disorders
"	1
difficulty	0
"Herpes, Genital
"	1
unaffected	0
"Herpes B virus
"	1
how.	0
"Herpes Simplex Virus Infection
"	1
"

Certainty"	0
"Herpesvirus B
"	1
determine	0
"Herpesvirus simiae
"	1
at	0
"Herpes Zoster
"	1
of	0
"Herpes Zoster Vaccination
"	1
arranging	0
"Heterophyes Infection
"	1
perceived	0
"Heterophyiasis
"	1
situation	0
"HeV Infection
"	1
or.	0
"HFMD
"	1
Or	0
"Hib Infection
"	1
wholly	0
"Hib Vaccine
"	1
pretty	0
"High Blood Pressure
"	1
county	0
"Histoplasma capsulatum Infection
"	1
in	0
"Histoplasmosis
"	1
oppose.	0
"HIV/AIDS
"	1
Favour	0
"HIV/AIDS and STDs
"	1
met	0
"Hookworm, Human
"	1
itself	0
"Hookworm, Zoonotic
"	1
wanted	0
"Horses, Infections from
"	1
settle	0
"Hot Tub Rash
"	1
put	0
"HPIV
"	1
garret	0
"HPS
"	1
twenty.	0
"HPV-Associated Cancers
"	1
In	0
"HPV Infection
"	1
astonished	0
"HPV Vaccination
"	1
apartments	0
"HTC
"	1
resolution	0
"Human Ehrlichiosis
"	1
so	0
"Human Hookworm
"	1
an	0
"Human Immunodeficiency Virus
"	1
it.	0
"Human Papillomavirus Infection
"	1
Unsatiable	0
"Human Papillomavirus Vaccination
"	1
on	0
"Human Parainfluenza Viruses
"	1
by	0
"Hymenolepis Infection
"	1
contrasted	0
"Hypertension
"	1
to	0
"Hyperthermia
"	1
reasonable	0
"Hypothermia
"	1
companions	0
"IBD
"	1
an.	0
"IMMPaCt
"	1
On	0
"Impetigo
"	1
otherwise	0
"Infectious Mononucleosis
"	1
no	0
"Infertility
"	1
admitting	0
"Inflammatory Bowel Disease
"	1
to	0
"Influenza
"	1
suspicion	0
"H1N1 Flu
"	1
furniture	0
"People at High Risk
"	1
it.	0
"Seasonal Flu
"	1
"

Paid"	0
"Swine Influenza
"	1
was	0
"Influenza, Avian
"	1
hill	0
"Influenza, Pandemic
"	1
sir	0
"Influenza and Cancer
"	1
high.	0
"Influenza in Pigs
"	1
For	0
"Influenza Vaccination
"	1
him	0
"Injury, Healthy Swimming and Recreational Water
"	1
precaution	0
"International Micronutrient Malnutrition Prevention & Control Program
"	1
any	0
"Intestinal Amebae Infection, Nonpathogenic
"	1
advantages	0
"Invasive Candidiasis
"	1
dissimilar	0
"Japanese Encephalitis
"	1
comparison	0
"Japanese Encephalitis
"	1
few	0
"Jaundice
"	1
terminated	0
"JE
"	1
projecting.	0
"JE
"	1
Prevailed	0
"K. pneumoniae
"	1
discovery	0
"Kala-Azar
"	1
immediate	0
"Kawasaki Disease
"	1
objection	0
"Kawasaki Syndrome
"	1
of	0
"KD
"	1
ye	0
"Keratitis, Acanthamoeba
"	1
at.	0
"Keratitis, Fungal
"	1
Repair	0
"Kernicterus
"	1
summer	0
"KFD
"	1
one	0
"Kidney Disease
"	1
winter	0
"Klebsiella pneumoniae
"	1
living	0
"Kyasanur Forest disease
"	1
feebly	0
"LAC
"	1
pretty	0
"La Crosse Encephalitis
"	1
his.	0
"La Crosse Encephalitis virus
"	1
In	0
"LACV
"	1
so	0
"Lassa Fever
"	1
sense	0
"Latex Allergies
"	1
am	0
"LBRF
"	1
known	0
"LCM
"	1
these	0
"Lead Poisoning
"	1
since.	0
"Legionellosis
"	1
Shortly	0
"Legionnaires' Disease
"	1
respect	0
"Leishmania Infection
"	1
ask	0
"Leishmaniasis
"	1
cousins	0
"Leprosy
"	1
brought	0
"Leptospira Infection
"	1
add	0
"Leptospirosis
"	1
tedious	0
"Lice
"	1
nay.	0
"Lice, Body
"	1
Expect	0
"Lice, Head
"	1
relied	0
"Lice, Pubic
"	1
do	0
"Listeria Infection
"	1
we	0
"Listeriosis
"	1
genius	0
"Liver Disease and Hepatitis
"	1
is.	0
"Loa loa Infection
"	1
On	0
"Lockjaw
"	1
as	0
"Lockjaw Vaccination
"	1
around	0
"Loiasis
"	1
spirit	0
"Lou Gehrig's Disease
"	1
of	0
"Louse-borne Relapsing Fever
"	1
hearts	0
"LUHF
"	1
genius.	0
"Lujo Hemorrhagic Fever
"	1
Is	0
"Lung Cancer
"	1
raptures	0
"Lupus
"	1
daughter	0
"Lyme Disease
"	1
branched	0
"Lymphatic Filariasis
"	1
laughter	0
"Lymphedema
"	1
peculiar	0
"Lymphocytic Choriomeningitis
"	1
in	0
"MAC
"	1
settling.	0
"Mad Cow Disease
"	1
"

She"	0
"Malaria
"	1
travelling	0
"Marburg Hemorrhagic Fever
"	1
acceptance	0
"Marine Toxins
"	1
men	0
"MD
"	1
unpleasant	0
"MDR TB
"	1
her	0
"ME/CFS
"	1
especially	0
"Measles
"	1
entreaties	0
"Measles Vaccination
"	1
law.	0
"Melioidosis
"	1
Law	0
"Meningitis
"	1
forth	0
"Meningococcal Disease
"	1
but	0
"Meningococcal Vaccination
"	1
end	0
"Mental Health
"	1
any	0
"Mental Health and Genetics
"	1
arise	0
"Mental Retardation
"	1
chief	0
"MERS-CoV
"	1
arose.	0
"Methicillin Resistant Staphylococcus aureus
"	1
Old	0
"microalgal bloom-associated illness
"	1
her	0
"Microcephaly
"	1
say	0
"Micronutrient Malnutrition
"	1
learn	0
"Microsporidia Infection
"	1
these	0
"Middle East Respiratory Syndrome Coronavirus
"	1
large.	0
"MMR Vaccination
"	1
Joy	0
"Molluscum Contagiosum
"	1
fond	0
"Monkey B virus
"	1
many	0
"Monkeypox
"	1
ham	0
"Mononucleosis, Infectious
"	1
high	0
"Motor Vehicle Injuries
"	1
seen	0
"Mouse and Rat Control
"	1
this.	0
"MRSA
"	1
Few	0
"Mucormycosis
"	1
preferred	0
"Mucus
"	1
continual	0
"Multidrug-Resistant TB
"	1
sir	0
"Multiple organ dysfunction syndrome
"	1
led	0
"Mumps
"	1
incommode	0
"Mumps Vaccination
"	1
neglected.	0
"Murine Typhus
"	1
Discovered	0
"Muscular Dystrophy
"	1
too	0
"Musculoskeletal Disorders
"	1
old	0
"Myalgic Encephalomyelitis/ Chronic Fatigue Syndrome
"	1
insensible	0
"Mycobacterium abscessus Infection
"	1
collecting	0
"Mycobacterium avium Complex
"	1
unpleasant	0
"Mycobacterium tuberculosis Infection
"	1
but	0
"Mycoplasma pneumoniae Infection
"	1
invitation.	0
"Mycotic diseases
"	1
"

"	0
"Myelomeningocele
"	1
"Naegleria Infection
"	1
"Nairovirus Infection
"	1
"National Amyotrophic Lateral Sclerosis
"	1
"Necrotizing Fasciitis
"	1
"Neglected Tropical Diseases
"	1
"Neisseria gonorrhoeae Infection
"	1
"Neurocysticercosis
"	1
"Newborn Hearing
"	1
"Newborn Jaundice
"	1
"Nocardia asteroides Infection
"	1
"Nocardiosis
"	1
"noise, environmental
"	1
"noise, recreational
"	1
"noise exposure
"	1
"Non-Polio Enterovirus Infections
"	1
"Nonpathogenic
"	1
"Norovirus Infection
"	1
"Norwalk-like Viruses
"	1
"NTD
"	1
"Nutrition
"	1
"OA
"	1
"Obesity and Genetics
"	1
"Obesity and Overweight
"	1
"Obesity and Overweight, Childhood
"	1
"Occupational Cancers
"	1
"Occupational Skin Conditions
"	1
"Occupational Stress
"	1
"OHF
"	1
"Omsk hemorrhagic fever
"	1
"Onchocerciasis
"	1
"Opisthorchis Infection
"	1
"Oral Cancer
"	1
"Orf Virus Infection
"	1
"Oropharyngeal Candidiasis
"	1
"Oroya fever
"	1
"Osteoarthritis
"	1
"Otitis Media
"	1
"Outbreaks
"	1
"Ovarian and Breast Cancer and Family Health History
"	1
"Ovarian Cancer
"	1
"Overweight and Obesity
"	1
"Overweight and Obesity, Childhood
"	1
"PAD
"	1
"Pandemic Flu
"	1
"Paragonimiasis
"	1
"Paragonimus Infection
"	1
"Parainfluenza
"	1
"Parasitic Diseases
"	1
"Parvovirus B19 Infection
"	1
"PCP
"	1
"PCV
"	1
"PE
"	1
"Pedestrian Injury
"	1
"Pediculus humanus capitis
"	1
"Pediculus humanus corporis
"	1
"Pelvic Inflammatory Disease
"	1
"People at High Risk
"	1
"Peripheral Arterial Disease
"	1
"Peripheral Arterial Insufficiency
"	1
"Peripheral Arterial Occlusive Disease
"	1
"Peripheral Vascular Disease
"	1
"Pertussis
"	1
"Pertussis
"	1
"Pet-Related Diseases
"	1
"Phthiriasis
"	1
"PID
"	1
"Pigs, Influenza in
"	1
"Pink Eye
"	1
"Pinworm Infection
"	1
"Plague
"	1
"Pneumococcal Conjugate Vaccine
"	1
"Pneumococcal Disease
"	1
"Pneumococcal Polysaccharide Vaccine
"	1
"Pneumoconioses, Coal Workers'
"	1
"Pneumocystis jirovecii pneumonia
"	1
"Pneumocystis pneumonia
"	1
"Pneumonia
"	1
"Polio Infection
"	1
"Poliomyelitis Infection
"	1
"Poliomyelitis Vaccination
"	1
"Polio Vaccination
"	1
"Pontiac Fever
"	1
"Powassan
"	1
"Poxvirus Infections
"	1
"PPV
"	1
"Pregnancy
"	1
"Primary Amebic Meningoencephalitis
"	1
"Prion Diseases
"	1
"Prostate Cancer
"	1
"Pseudomonas aeruginosa Infection
"	1
"Pseudomonas dermatitis Infection
"	1
"Psittacosis
"	1
"Psoriasis
"	1
"Pubic Lice
"	1
"Pulmonary Embolism
"	1
"Pulmonary Hypertension
"	1
"Q Fever
"	1
"RA
"	1
"Rabies
"	1
"Rabies Vaccination
"	1
"Raccoon Roundworm Infection
"	1
"Rat-Bite Fever
"	1
"RBF
"	1
"Recalled Vaccines
"	1
"Recreational Water Illness
"	1
"Relapsing Fever, Louse-borne
"	1
"Relapsing Fever, Tick-borne
"	1
"Reptiles, Infections from
"	1
"Respiratory Syncytial Virus Infection
"	1
"Rheumatoid Arthritis
"	1
"Rickettsial Diseases
"	1
"Rickettsia rickettsii Infection
"	1
"Rift Valley Fever
"	1
"Ringworm from Animals
"	1
"Ringworm
"	1
"River Blindness
"	1
"RMSF
"	1
"Rocky Mountain Spotted Fever
"	1
"Rodent Control
"	1
"Rodents
"	1
"Rodents, Diseases from
"	1
"Rotavirus Infection
"	1
"Rotavirus Vaccination
"	1
"RSV
"	1
"Rubella
"	1
"Rubeola
"	1
"Runny Nose
"	1
"RVF
"	1
"RWI
"	1
"Salmonella Infection from Animals
"	1
"Salmonella Infection
"	1
"Salmonella typhi infection
"	1
"Salmonellosis
"	1
"Salt
"	1
"Sappinia diploidea and Sappinia pedata
"	1
"Sappinia Infection
"	1
"SARS
"	1
"Scabies
"	1
"Scarlet Fever
"	1
"Schistosoma Infection
"	1
"Schistosomiasis
"	1
"Screening for Critical Congenital Heart Defects
"	1
"Scrub Typhus
"	1
"Seasonal Flu
"	1
"Seizure disorder
"	1
"Sepsis
"	1
"Septicemia
"	1
"Septic shock
"	1
"Severe Acute Respiratory Syndrome
"	1
"Sexually Transmitted Diseases
"	1
"Bacterial Vaginosis
"	1
"Chlamydia
"	1
"Genital Herpes
"	1
"Gonorrhea
"	1
"Human Papillomavirus Infection
"	1
"Pelvic Inflammatory Disease
"	1
"Syphilis
"	1
"Trichomoniasis
"	1
"Sexually Transmitted Disease Surveillance Reports
"	1
"SFGR
"	1
"Shiga toxin-producing E. coli
"	1
"Shigella Infection
"	1
"Shigellosis
"	1
"Shingles Vaccination
"	1
"Shingles
"	1
"Sickle Cell Disease
"	1
"SIDS
"	1
"Sinus Infection
"	1
"Sinusitus
"	1
"Skin Cancer
"	1
"Skin Cancer and Genetics
"	1
"Skin Conditions, Occupational
"	1
"SLE
"	1
"Sleep and Sleep Disorders
"	1
"Sleeping Sickness
"	1
"Smallpox
"	1
"Smoking and Tobacco Use
"	1
"Sodium
"	1
"Soil Transmitted Helminths
"	1
"Sore Mouth Infection
"	1
"Sore Throat
"	1
"Southern Tick-Associated Rash Illness
"	1
"Spina Bifida
"	1
"Sporothrix schenckii infection
"	1
"Sporotrichosis
"	1
"Spotted Fever Group Rickettsia
"	1
"Staph
"	1
"Staphylococcus aureus Infection
"	1
"STARI
"	1
"STDs
"	1
"STDs and HIV/AIDS
"	1
"STEC
"	1
"Strep Infection, Group A
"	1
"Strep Infection, Group B
"	1
"Strep Throat
"	1
"Streptobacillus moniliformis Infection
"	1
"Streptococcus pneumoniae Infection
"	1
"Stress, Occupational
"	1
"Stroke
"	1
"Stroke and Genetics
"	1
"Strongyloidiasis
"	1
"Sudden Infant Death Syndrome
"	1
"Surveillance Reports, Sexually Transmitted Disease
"	1
"Swimmer's Itch
"	1
"Swimming-related Illness
"	1
"Swine Influenza
"	1
"Symptom Relief for Upper Respiratory Infections
"	1
"Syphilis
"	1
"Systemic lupus erythematosus
"	1
"Taenia Infection
"	1
"Tapeworm, Dog and Cat Flea
"	1
"Tapeworm Infection
"	1
"TB
"	1
"TB
"	1
"TB and HIV Coinfection
"	1
"TB and the African-American Communtiy
"	1
"TB Data & Statistics
"	1
"TB Education and Training Network
"	1
"TBI
"	1
"TB in African-Americans
"	1
"TBRF
"	1
"TB Surveillance Reports
"	1
"TB Testing & Diagnosis
"	1
"Testicular Cancer
"	1
"Tetanus
"	1
"Tetanus
"	1
"Tetanus Disease
"	1
"Thalassemia
"	1
"Thoracic Aortic Aneurysm
"	1
"Throat, Sore
"	1
"Throat, Strep
"	1
"Thrombophilia
"	1
"Thrombosis
"	1
"Thrush
"	1
"Tick-borne Relapsing Fever
"	1
"Tickborne Diseases
"	1
"Ticks
"	1
"Anaplasmosis, Human
"	1
"Babesiosis
"	1
"Ehrlichiosis, Human
"	1
"Lyme Disease
"	1
"Powassan
"	1
"Relapsing Fever, Tick-borne
"	1
"Rocky Mountain Spotted Fever
"	1
"Southern Tick-Associated Rash Illness
"	1
